state,date,cases.fitted,cases.fitted.hi,cases.fitted.lo,cum.incidence,cum.incidence.hi,cum.incidence.lo,deaths,deaths.diagnosed,deaths.diagnosed.hi,deaths.diagnosed.lo,deaths.fitted,deaths.fitted.hi,deaths.fitted.lo,deaths.hi,deaths.lo,diagnoses,diagnoses.hi,diagnoses.lo,infections,infections.hi,infections.lo,pop.infectiousness,pop.infectiousness.hi,pop.infectiousness.lo,Rt,Rt.hi,Rt.lo,sero.positive,sero.positive.hi,sero.positive.lo,severe,severe.hi,severe.lo,symptomatic,symptomatic.diagnosed,symptomatic.diagnosed.hi,symptomatic.diagnosed.lo,symptomatic.hi,symptomatic.lo,data.available,selected_row
California,20200711,8778.68,9848.21,7718.04,2.30228e+06,3.58541e+06,1.53702e+06,101.21,92.9407,107.645,82.0599,89.2998,103.025,78.7821,127.838,86.0561,8969.9,10046.4,7893.45,35450.4,54191.5,23178.6,32879.3,50822.3,21510.3,1.05402,1.18181,0.946672,1.80472e+06,2.79448e+06,1.20911e+06,954.698,1416.01,669.613,17559.4,8271.92,9636.14,6421.34,27508.5,12196.4,TRUE,1
California,20200712,8880.4,9939.99,7825.35,2.33659e+06,3.63791e+06,1.5595e+06,103.391,95.0382,109.828,83.6062,91.5765,105.702,80.6876,130.822,87.7813,9050.6,10139.3,7993.22,35831.2,54666.6,23265,33252.4,51679.1,21941.2,1.04533,1.17442,0.944667,1.83002e+06,2.82948e+06,1.22437e+06,975.406,1447.28,681.593,17743.7,8347.62,9739.03,6499.67,27884.4,12399.7,TRUE,1
California,20200713,8977.16,10039,7920.77,2.37113e+06,3.69214e+06,1.58204e+06,105.745,97.1977,112.295,85.3589,93.5863,108.138,82.572,133.207,89.8907,9099.28,10208.1,8073.17,35975.5,55220.5,23369.1,33748,52189,22365.9,1.03888,1.17078,0.938543,1.85553e+06,2.86428e+06,1.24087e+06,993.96,1477.59,695.781,17982.3,8396.14,9806.2,6545.78,28312.3,12570.6,TRUE,1
California,20200714,9050.38,10135.1,8019.34,2.41116e+06,3.74652e+06,1.60462e+06,108.3,99.4203,114.555,87.2278,95.7169,110.448,84.2431,136.072,91.7687,9138.28,10289.6,8113.78,36076.2,55582.5,23627.6,34137,52569.3,22645.1,1.03415,1.1597,0.930802,1.88015e+06,2.89914e+06,1.2584e+06,1011.64,1495.71,709.81,18186.1,8446.21,9861.2,6581.64,28939.9,12675.8,TRUE,1
California,20200715,9096.56,10199.6,8081.15,2.44586e+06,3.80101e+06,1.62961e+06,110.624,101.529,117.514,89.0295,97.886,112.895,86.0206,139.078,93.7345,9166.42,10320.1,8141.04,36260.4,55777.6,23683.6,34568.6,52986.4,22831.3,1.02771,1.15406,0.924802,1.90267e+06,2.93871e+06,1.27541e+06,1031.21,1515.62,729.519,18383.6,8468.91,9908.28,6612.28,29355.3,12805.7,TRUE,1
California,20200716,9125.68,10261.5,8119.8,2.48306e+06,3.85643e+06,1.65363e+06,113.051,103.724,119.793,91.0437,100.032,115.195,87.8525,142.027,95.8307,9169.49,10367.4,8146.1,36326.9,55788.8,23737.7,35026.8,53370.1,22966.3,1.02127,1.14624,0.921241,1.92958e+06,2.98126e+06,1.29103e+06,1046.26,1531.84,743.258,18510.9,8483.87,9960.36,6665.21,29776.3,12905.5,TRUE,1
California,20200717,9153.85,10296.9,8131.49,2.52087e+06,3.91454e+06,1.6782e+06,115.403,105.958,121.688,92.8269,102.218,118.128,89.7943,144.876,97.5644,9165,10415,8143.36,36457.8,56173.1,23918.7,35369.6,54068,23141.4,1.01456,1.13468,0.920679,1.95289e+06,3.02362e+06,1.3067e+06,1063.54,1561.81,755.59,18678.2,8484.69,9957.98,6705.47,29996.8,13016.4,TRUE,1
California,20200718,9152.86,10361.6,8146.71,2.55965e+06,3.97181e+06,1.70337e+06,117.784,107.925,123.703,94.6772,104.386,120.217,91.5998,147.855,99.48,9154.1,10373,8121.48,36510.3,56422.9,23809.3,35619.8,54384,23250.2,1.01013,1.13048,0.917726,1.97793e+06,3.06329e+06,1.32242e+06,1078.74,1581.29,769.808,18785.4,8467.44,9987.12,6693.01,30052.7,13180.4,TRUE,1
California,20200719,9149,10365.4,8129.19,2.59789e+06,4.02951e+06,1.72848e+06,120.034,109.85,125.637,96.8536,106.463,122.092,93.412,150.42,101.337,9133.06,10359.3,8090.37,36632.6,56564,23674.9,35859.5,55025.8,23435.7,1.00584,1.12226,0.910783,2.00249e+06,3.1017e+06,1.33885e+06,1095.39,1588.75,783.498,18887.8,8449.03,9947.6,6689.19,30268.2,13264.2,TRUE,1
California,20200720,9128.26,10351.5,8104.09,2.63541e+06,4.08528e+06,1.75251e+06,121.997,111.847,127.298,98.4112,108.435,124.054,95.4394,152.762,102.984,9079.41,10331.8,8064.59,36698.5,56916.9,23382.1,36052.6,55478.8,23632,1.00176,1.11055,0.907254,2.02798e+06,3.13568e+06,1.35564e+06,1110.3,1603.08,797.322,18932.9,8415.4,9883.34,6684.16,30368.7,13344.5,TRUE,1
California,20200721,9107.8,10330.7,8077.46,2.67132e+06,4.14289e+06,1.77583e+06,124.191,113.753,129.445,100.059,110.405,126.007,97.3826,154.858,105.061,9018.08,10249.9,8035.84,36668.4,57219.4,23380.7,36145.4,55596.2,23712.4,0.999041,1.10268,0.903993,2.05265e+06,3.16987e+06,1.3717e+06,1125.7,1625.19,806.742,19069.5,8383.66,9799.38,6670.37,30442,13425.8,TRUE,1
California,20200722,9049.67,10281.5,8062.93,2.70432e+06,4.20099e+06,1.79914e+06,126.304,115.629,131.146,101.797,112.336,127.829,98.8178,157.406,106.914,8974.08,10212.1,7983.6,36515,57334.7,23454.4,36261.8,55764.6,23760.3,0.996219,1.0961,0.900957,2.07888e+06,3.20429e+06,1.38715e+06,1137.33,1649.14,816.584,19219.2,8337.91,9737.79,6641.81,30724.5,13475,TRUE,1
California,20200723,9001.72,10193.9,8019.04,2.74129e+06,4.25948e+06,1.82232e+06,128.397,117.367,133.101,103.328,114.192,129.927,100.523,159.491,108.835,8904.33,10175.9,7928.88,36574.1,57678.1,23525.6,36341.5,55882.7,23943.5,0.993581,1.09274,0.90084,2.104e+06,3.23899e+06,1.40283e+06,1143.82,1661.34,822.974,19313.4,8287.04,9649.87,6585.24,30927.5,13410.5,TRUE,1
California,20200724,8950.79,10189.8,7961.03,2.78015e+06,4.31826e+06,1.84675e+06,130.476,118.87,134.938,104.804,115.966,131.664,102.182,161.446,110.512,8824.48,10101,7859.76,36451.3,58057.4,23558.3,36433.9,55997.8,23815.9,0.991287,1.08812,0.893484,2.12775e+06,3.27397e+06,1.41861e+06,1151.11,1677.3,826.879,19278.5,8229.9,9611.05,6534.29,30989.8,13343.6,TRUE,1
California,20200725,8872.76,10147.7,7918.05,2.81254e+06,4.37717e+06,1.87174e+06,132.352,120.478,136.412,106.244,117.856,133.422,103.765,163.164,111.922,8759,10016.2,7824.6,36340.2,57552.2,23464.3,36647.9,56269,23683.4,0.989195,1.0858,0.887662,2.14879e+06,3.3092e+06,1.43427e+06,1157.91,1685.42,830.452,19292.1,8185.36,9515.21,6493.37,31079.9,13311,TRUE,1
California,20200726,8798.64,10046.1,7845.94,2.84398e+06,4.43606e+06,1.89684e+06,133.808,122.013,138.008,107.411,119.249,135.059,105.311,165.166,113.315,8690.5,9916.54,7750.68,36204.5,57572,23520.8,36632.4,56695.9,23416.6,0.985632,1.0865,0.879667,2.17237e+06,3.34462e+06,1.45001e+06,1164.44,1698.66,833.954,19259,8114.64,9450.37,6430.83,31106.9,13358.8,TRUE,1
California,20200727,8739.61,9964.77,7806.78,2.87474e+06,4.49305e+06,1.922e+06,135.424,123.298,139.682,108.256,120.808,136.675,106.457,167.875,114.847,8625.82,9784.23,7658.16,36278.7,57658.6,23396.6,36560.6,57102.2,23340.8,0.981523,1.07976,0.879063,2.19467e+06,3.38013e+06,1.46653e+06,1170.4,1707.99,835.927,19289.9,8067.33,9388.4,6349.85,31088.5,13412.8,TRUE,1
California,20200728,8669.95,9865.58,7740.26,2.90511e+06,4.54792e+06,1.94715e+06,136.877,124.649,140.946,109.227,122.246,138.21,107.822,169.786,115.857,8563.67,9745.56,7585.82,36159.7,57445,23189.7,36603.5,57308.1,23431.2,0.976856,1.07729,0.873089,2.21377e+06,3.40986e+06,1.48375e+06,1177.73,1715.34,839.721,19264.3,7999.3,9305.63,6278.16,31289.7,13326.6,TRUE,1
California,20200729,8609.11,9747.55,7655.93,2.94037e+06,4.60247e+06,1.97141e+06,138.148,125.738,141.863,110.195,123.583,139.898,108.497,172.063,116.799,8497.41,9659.91,7504.81,36000.5,57277.9,23139.6,36475.6,57796.7,23512.2,0.972056,1.07539,0.868462,2.23246e+06,3.43863e+06,1.50132e+06,1180.92,1715.28,843.689,19232.6,7932.56,9223.13,6197.69,31373.2,13298.7,TRUE,1
California,20200730,8542.86,9694.86,7576.5,2.97957e+06,4.65665e+06,1.9942e+06,139.303,126.665,143.198,111.374,124.88,141.152,109.452,174.032,117.841,8434.78,9570.99,7438.73,35761.9,57101.9,22830.9,36406.5,57891.4,23511,0.968095,1.07338,0.863074,2.25299e+06,3.46792e+06,1.51882e+06,1185.1,1731.71,844.593,19163.2,7853.93,9117.42,6147.41,31413.4,13300.8,TRUE,1
California,20200731,8478.51,9618.83,7495.12,3.01788e+06,4.71002e+06,2.01679e+06,140.296,127.522,144.683,112.505,125.919,142.075,110.501,174.565,119.253,8380.21,9468.82,7381.01,35361.1,56694.2,22674.5,36260.5,57310.2,23403.8,0.963006,1.07348,0.861979,2.27744e+06,3.49665e+06,1.53605e+06,1189.25,1740.24,848.2,19058.4,7794.8,9057.12,6103.54,31347.9,13289.8,TRUE,1
California,20200801,8421.74,9509.86,7444.87,3.04801e+06,4.75869e+06,2.03915e+06,141.19,128.265,145.738,113.255,126.797,143.196,111.626,175.697,119.553,8314.71,9397.83,7315.42,34956.8,56038.6,22713,36187.5,57480.5,23436.2,0.957579,1.06995,0.859997,2.30022e+06,3.52499e+06,1.55115e+06,1191.3,1739.69,847.998,19012.6,7730.2,8937.36,6080.09,31327.1,13254.2,TRUE,1
California,20200802,8358.44,9432.44,7366.79,3.07987e+06,4.80718e+06,2.06124e+06,141.872,128.837,146.96,114.002,127.613,144.724,112.786,177.704,120.397,8242.66,9323.07,7243.22,34741.8,55731.5,22542.4,36198.3,57433.6,23410.2,0.951568,1.06207,0.856288,2.31869e+06,3.55477e+06,1.56602e+06,1189.41,1734.85,848.193,18947.9,7676.1,8839.3,6035.42,31121.7,13193.8,TRUE,1
California,20200803,8291.66,9381.55,7301.75,3.11771e+06,4.86039e+06,2.08304e+06,142.648,129.545,148.007,114.563,128.367,145.817,113.458,179.145,120.915,8169.12,9268.13,7210.77,34532.5,55194.5,22257.7,36123.9,57327,23188.2,0.946078,1.06039,0.849568,2.33668e+06,3.58562e+06,1.58056e+06,1189.22,1739.35,847.484,18860.5,7607.75,8740.2,5997.56,30909.2,13146.8,TRUE,1
California,20200804,8220.5,9294.08,7246.72,3.15333e+06,4.91479e+06,2.10584e+06,142.818,129.99,148.803,115.231,128.932,147.019,114.159,180.354,121.56,8111.72,9174.3,7144.37,34273.9,54640.2,22029.6,35921.3,57040.7,23104,0.940779,1.05559,0.840509,2.35424e+06,3.61543e+06,1.59478e+06,1187.83,1735.91,846.742,18749.9,7557.89,8647.81,5955.96,30802.7,12991.6,TRUE,1
California,20200805,8143.6,9232.21,7193.54,3.18839e+06,4.96827e+06,2.12886e+06,143.487,130.457,149.335,115.325,129.583,148.068,114.805,180.786,122.174,8035.8,9084.21,7081.81,33870.8,54173.5,21777.5,35624.2,56983.1,22849.2,0.933565,1.0502,0.831489,2.37337e+06,3.64413e+06,1.60812e+06,1183.76,1736.5,845.029,18620,7487.78,8586.21,5910.28,30589.3,12826.3,TRUE,1
California,20200806,8081.92,9136.69,7136.51,3.22189e+06,5.02064e+06,2.15207e+06,143.758,130.755,150.025,115.493,129.986,148.65,115.248,181.339,122.304,7961.31,8973.09,6999.88,33368.4,53326.1,21585.4,35275.7,56442.7,22676.8,0.926525,1.04221,0.828987,2.39252e+06,3.67628e+06,1.62075e+06,1182.85,1736.15,843.264,18451.4,7429.28,8515.9,5864.44,30279.9,12636.8,TRUE,1
California,20200807,8015.93,9024.18,7062.27,3.25643e+06,5.07147e+06,2.17503e+06,144.087,130.924,150.374,115.44,130.455,149.336,115.341,182.23,122.207,7868.29,8884.07,6971.42,32745,52441.5,21341.5,34910.6,55939.3,22680.8,0.919694,1.03571,0.825717,2.4132e+06,3.70766e+06,1.63328e+06,1179.84,1723.59,841.745,18284.9,7361.11,8419.86,5835.15,29935.2,12544.2,TRUE,1
California,20200808,7929.59,8940.52,6989.32,3.29085e+06,5.11863e+06,2.19706e+06,144.236,131.024,150.8,115.461,130.659,149.777,115.537,182.56,122.591,7782.87,8723.61,6891.23,32173.4,51578.2,21081.6,34585.6,55579.4,22428,0.915073,1.02839,0.827468,2.43302e+06,3.73831e+06,1.64613e+06,1179.38,1717.21,841.177,18150.5,7270.11,8341.27,5789.28,29596.9,12492,TRUE,1
California,20200809,7835.2,8821.98,6954.94,3.32176e+06,5.16807e+06,2.21991e+06,144.134,130.981,150.616,115.446,130.846,150.267,115.411,182.793,122.469,7681.61,8635.06,6782.67,31756.8,50879.3,20885.5,34347,55067,22235.2,0.910606,1.02498,0.821448,2.45164e+06,3.76778e+06,1.65866e+06,1174.86,1704.57,838.81,17988.4,7184.12,8250.43,5697.35,29161.8,12359.5,TRUE,1
California,20200810,7744.38,8667.73,6864.91,3.35359e+06,5.21832e+06,2.24263e+06,144.088,130.879,150.701,115.267,130.883,150.464,115.343,182.738,122.246,7581.38,8537.05,6676.95,31220,50119.9,20592,34110.6,54599.1,22121.6,0.90595,1.02414,0.816691,2.46919e+06,3.79607e+06,1.66938e+06,1168.06,1690.69,833.699,17853.9,7088.34,8153.57,5648.16,28742.2,12297,TRUE,1
California,20200811,7647.53,8586.29,6752.94,3.38559e+06,5.26768e+06,2.26499e+06,143.959,130.786,149.874,115.066,130.846,150.36,115.343,182.597,122.161,7471.74,8419.68,6595.71,30697.4,49329.1,20250.2,33735.6,54110.3,21740.8,0.904836,1.01634,0.814563,2.48613e+06,3.8232e+06,1.67959e+06,1161.59,1674.53,823.415,17635.8,6990.78,8039.97,5565.34,28372.9,12046.5,TRUE,1
California,20200812,7535.4,8485.39,6649.73,3.41825e+06,5.31656e+06,2.287e+06,143.665,130.534,149.433,114.907,130.756,150.175,115.281,182.014,122.137,7356.15,8270.13,6501.56,30145,48524,19918.7,33232.4,53212.3,21602,0.9031,1.01007,0.81261,2.5024e+06,3.84924e+06,1.68971e+06,1154.72,1656.09,816.335,17348,6878.22,7939.39,5483.37,27883.3,11837,TRUE,1
California,20200813,7429.47,8357.07,6579.93,3.44965e+06,5.36354e+06,2.30863e+06,143.439,130.276,148.739,114.903,130.624,149.56,115.031,181.937,122.168,7230.69,8159.17,6408.05,29582.7,47560.7,19794.9,32595.2,52204.5,21371.6,0.902148,1.00228,0.804272,2.51614e+06,3.87423e+06,1.70009e+06,1145.71,1646.49,808.986,17151.2,6769.45,7808.54,5438.88,27382.3,11696.9,TRUE,1
California,20200814,7310.56,8218.76,6473.67,3.47686e+06,5.4064e+06,2.32983e+06,142.976,129.891,148.318,114.817,130.348,149.081,114.709,181.675,121.822,7101.38,8062.75,6288.2,29009.4,46439,19476.7,32190.2,51429.8,21129.9,0.900085,0.998401,0.802165,2.52976e+06,3.8982e+06,1.71005e+06,1138.12,1630.13,800.64,16887.5,6657.4,7656.38,5380.94,26863.9,11454,TRUE,1
California,20200815,7184.04,8106.41,6373.61,3.50556e+06,5.44792e+06,2.34969e+06,142.422,129.302,147.765,114.008,130.106,148.356,114.985,181.246,121.195,6969.03,7938.66,6169.14,28522.5,46079.1,19168.2,31663.5,50720.1,20890.8,0.89983,1.00155,0.798232,2.54479e+06,3.91926e+06,1.71955e+06,1125.64,1624.75,788.041,16640.4,6525.45,7537.16,5281.37,26329.8,11341.1,TRUE,1
California,20200816,7052.77,8000.92,6253.46,3.53548e+06,5.48887e+06,2.36882e+06,142.019,128.731,147.085,113.778,129.59,147.949,114.619,180.644,120.393,6817.32,7793.39,6025.36,27963.3,45339.8,18793.1,31142.4,49855.6,20606,0.901304,1.00292,0.798393,2.55555e+06,3.94021e+06,1.7286e+06,1116.58,1618.27,777.119,16373.2,6391.54,7402.78,5209.16,25960.1,11221.3,TRUE,1
California,20200817,6920.02,7857.44,6124.76,3.56477e+06,5.5293e+06,2.38844e+06,141.406,128.003,146.396,112.78,128.986,147.289,113.905,179.934,119.187,6669.42,7664.52,5899.99,27515.4,44871.5,18540.5,30635.9,49208.7,20293,0.901515,1.00281,0.802891,2.56435e+06,3.96009e+06,1.73717e+06,1100.6,1611.32,767.112,16114.3,6248.29,7268.83,5117.28,25579.4,11015.5,TRUE,1
California,20200818,6771.27,7728.68,5994.89,3.59431e+06,5.56925e+06,2.40974e+06,140.62,127.222,145.28,111.81,128.398,146.572,113.471,179.017,118.3,6514.45,7464.5,5775.76,27075.9,44483.9,18341.8,30128.1,48219,19969.8,0.906705,1.00763,0.807486,2.57177e+06,3.97895e+06,1.74503e+06,1084.21,1596.27,751.663,15845.7,6109.74,7142.91,4984.92,25240.6,10861.7,TRUE,1
California,20200819,6615.06,7583.93,5865.24,3.62226e+06,5.60879e+06,2.42761e+06,139.661,126.262,143.958,110.933,127.625,145.714,112.512,177.22,117.236,6348.62,7296.89,5640.22,26650.6,43618.3,18170.9,29507.6,47310.2,19856.9,0.909506,1.01538,0.809688,2.58148e+06,3.99616e+06,1.75144e+06,1069.45,1586.73,740.462,15551.4,5954.95,7001.13,4870.15,24804.2,10594.6,TRUE,1
California,20200820,6462.15,7396.16,5740.69,3.65058e+06,5.64772e+06,2.44524e+06,138.825,125.294,142.754,109.781,126.845,144.806,111.492,176.01,116.254,6179.63,7106.29,5483.98,26169.8,42545.2,17943.7,29010.1,46435.4,19479.8,0.910962,1.01411,0.814651,2.58987e+06,4.01196e+06,1.75722e+06,1056.08,1570.73,732.066,15297.3,5811.19,6837.6,4751.56,24359.4,10348.5,TRUE,1
California,20200821,6298.01,7244.88,5587.5,3.67873e+06,5.6857e+06,2.46321e+06,137.641,124.394,141.147,108.616,125.903,143.387,110.642,174.869,115.325,6018.14,6894.36,5352.47,25842.7,41946.4,17548.4,28484.2,45898,19227.1,0.912229,1.01447,0.819715,2.59636e+06,4.02684e+06,1.76292e+06,1042.01,1544.46,723.362,15013.4,5656.41,6659.45,4648.57,24013.4,10140.7,TRUE,1
California,20200822,6129.44,7035.54,5452.14,3.70678e+06,5.72338e+06,2.48146e+06,136.377,123.219,139.754,107.313,124.973,142.209,109.399,173.464,114.155,5851.95,6682.08,5203.67,25498.4,41587.5,17213.5,27944.2,45204.5,18901.4,0.915328,1.02005,0.824219,2.60125e+06,4.04092e+06,1.77188e+06,1026.13,1522,711.416,14742.4,5495.28,6467.65,4507.4,23520.4,9981.29,TRUE,1
California,20200823,5968.1,6832.42,5316.31,3.73276e+06,5.76029e+06,2.50022e+06,135.154,121.939,138.494,106.524,123.911,140.497,108.29,172.228,112.829,5685.3,6490.45,5036.48,25030.8,41004.6,16817.3,27524.8,44843.9,18616.3,0.918848,1.02327,0.823644,2.60688e+06,4.0543e+06,1.77818e+06,1011.41,1499.35,700.687,14496,5344.34,6286.73,4404.55,23196.4,9839.83,TRUE,1
California,20200824,5800.2,6620.38,5166.73,3.75854e+06,5.79671e+06,2.51886e+06,133.827,120.679,137.317,105.504,122.771,139.222,107.076,171.195,111.384,5521.81,6306.8,4903.67,24692.2,40309.9,16671.5,27142.9,44468.1,18398.3,0.924883,1.0285,0.823326,2.61422e+06,4.06705e+06,1.78374e+06,994.695,1473.69,691.073,14257.8,5193.16,6083.68,4259.41,22826.1,9606.7,TRUE,1
California,20200825,5636.82,6428.38,5007.83,3.7829e+06,5.83277e+06,2.5374e+06,132.402,119.319,135.585,104.266,121.476,137.914,106.258,169.456,110.126,5367.63,6127.47,4759.35,24413.6,39883.3,16431.6,26780.6,43657.6,18197.1,0.929106,1.03529,0.826329,2.62027e+06,4.07923e+06,1.78903e+06,980.79,1454.25,683.152,14048.5,5039.65,5890.88,4108.71,22624.2,9465.69,TRUE,1
California,20200826,5476.57,6240.06,4866.47,3.80678e+06,5.86836e+06,2.55367e+06,130.801,118.084,134.147,103.041,120.17,136.604,105.11,167.507,108.639,5210.51,5943.42,4628.07,24166.8,39684.3,16176.8,26255.7,42571.8,17946.7,0.93387,1.04164,0.826794,2.62671e+06,4.09096e+06,1.79396e+06,965.792,1434.59,672.492,13843.6,4905.73,5692.2,3983,22430.5,9297.32,TRUE,1
California,20200827,5324.37,6070.43,4729.61,3.83059e+06,5.90347e+06,2.5687e+06,129.295,116.587,132.316,101.802,118.919,134.881,103.815,164.711,107.39,5052.2,5747.86,4497.28,23804.3,39332.3,16035.3,25884.8,42013.1,17647,0.937435,1.04532,0.830442,2.63251e+06,4.10218e+06,1.79838e+06,949.411,1411.06,657.749,13631.4,4756.68,5526.76,3851.63,22218.2,9099.16,TRUE,1
California,20200828,5168.95,5880.22,4598.08,3.85309e+06,5.93809e+06,2.58561e+06,127.832,115.195,130.679,100.766,117.58,133.478,102.678,162.544,106.409,4908.26,5557.16,4353.99,23590.7,38975.5,15879.7,25498,41564.2,17304.4,0.940918,1.05267,0.831839,2.6372e+06,4.11282e+06,1.80252e+06,935.111,1381.53,647.586,13485.3,4624.69,5361.05,3725.86,21997.4,9014.42,TRUE,1
California,20200829,5013.67,5686.47,4463.18,3.87668e+06,5.97223e+06,2.60181e+06,126.222,113.489,128.923,99.3848,116.082,131.731,101.534,160.742,105.27,4768.87,5395.87,4242.15,23411.9,38567,15749.8,25097.4,40940.1,16967.4,0.945045,1.05436,0.834599,2.64085e+06,4.12287e+06,1.80641e+06,918.228,1365.61,636.393,13330.6,4485.99,5192.9,3608.06,21851.9,8867.09,TRUE,1
California,20200830,4870.81,5501.18,4331.12,3.90067e+06,6.00635e+06,2.61769e+06,124.552,111.795,127.001,97.8896,114.722,130.075,100.382,158.49,103.689,4632.26,5246.11,4129.92,23194.2,38136.5,15485.4,24737.7,40252.6,16707,0.94746,1.05812,0.837103,2.64444e+06,4.13229e+06,1.81007e+06,903.462,1346.78,623.57,13124.4,4355.25,5049.88,3501.95,21698.3,8738.38,TRUE,1
California,20200831,4730.55,5349.62,4214.9,3.92389e+06,6.04465e+06,2.63372e+06,122.885,110.108,125.203,96.2462,112.951,128.223,98.9007,156.154,102.141,4502.06,5083.14,4017.04,22999.1,37801.5,15357.7,24510.9,39880.3,16503.6,0.949727,1.06148,0.843889,2.64771e+06,4.14107e+06,1.81353e+06,889.13,1325.39,612.72,12976.5,4236.55,4907.3,3401.24,21469.4,8686.67,TRUE,1
California,20200901,4597.8,5197.45,4111.19,3.94653e+06,6.08325e+06,2.65022e+06,121.181,108.497,123.262,94.5795,111.267,126.309,97.3264,153.775,100.558,4378.64,4952.21,3901.25,22730.3,37364.5,15129.4,24223.6,39687,16304.7,0.951146,1.06158,0.849276,2.65001e+06,4.14923e+06,1.81681e+06,874.172,1308.49,602.519,12810.5,4121,4798.1,3328.19,21242.5,8582.51,TRUE,1
California,20200902,4471.44,5042.03,3998.65,3.96773e+06,6.12167e+06,2.66741e+06,119.344,106.967,121.472,93.0765,109.601,124.546,95.7756,151.665,99.0204,4267.42,4851.8,3804.9,22488.3,36844.7,15039.8,23841.6,39347.6,16132.5,0.949955,1.06159,0.851631,2.65272e+06,4.15686e+06,1.81994e+06,860.452,1285.8,596.474,12649.2,4008.43,4696,3251.04,21050.3,8469.16,TRUE,1
California,20200903,4355.62,4920.86,3887.74,3.98877e+06,6.16118e+06,2.68467e+06,117.33,105.39,119.759,91.7837,108.02,122.583,94.1602,149.924,97.6835,4164.09,4750.81,3696.11,22331.4,36216.2,14869.3,23660.9,38821.1,15993.4,0.949522,1.06161,0.852191,2.65568e+06,4.16381e+06,1.82262e+06,851.04,1270.05,589.766,12463.1,3908.9,4557.4,3173.13,20924.4,8397.42,TRUE,1
California,20200904,4245.34,4824.99,3785.53,4.0097e+06,6.19656e+06,2.70199e+06,115.759,103.838,118.11,90.3621,106.528,120.911,92.7657,147.872,96.1225,4063.6,4626.49,3594.36,22117,35551.2,14610.5,23432.9,38556.5,15804.6,0.950313,1.05843,0.844538,2.6593e+06,4.17001e+06,1.82471e+06,839.862,1255.98,582.593,12329.8,3811.11,4468.1,3091.93,20711.6,8304.46,TRUE,1
California,20200905,4143.56,4721.17,3687.18,4.03129e+06,6.22843e+06,2.71931e+06,114.218,102.43,116.329,89.1307,104.937,119.195,91.4416,146.958,95.0618,3968.29,4530.38,3514.71,21804.7,35123.6,14382.5,23213.7,38113.6,15544.1,0.948417,1.05615,0.838695,2.66062e+06,4.17259e+06,1.82648e+06,828.769,1235.8,574.828,12198,3726.01,4403.81,3007.24,20450.3,8224.6,TRUE,1
California,20200906,4042.65,4598.17,3575.68,4.05318e+06,6.2598e+06,2.73653e+06,112.721,100.869,114.471,87.9469,103.452,117.615,90.1127,145.395,93.5472,3882.63,4451.54,3420.13,21564.9,34744.9,14175.6,22933.9,37820.5,15386.6,0.945319,1.05317,0.834798,2.66158e+06,4.17256e+06,1.82789e+06,816.178,1212.31,564.844,12075.9,3647.01,4288.76,2934.96,20294.5,8209.7,TRUE,1
California,20200907,3950.88,4505.69,3505.43,4.07469e+06,6.29068e+06,2.75265e+06,110.917,99.3351,112.709,86.593,101.93,115.731,88.9217,143.501,92.2293,3800.85,4370.5,3344.59,21340,34560.9,14235,22736.5,37376.7,15197.6,0.940985,1.05284,0.830473,2.66223e+06,4.17151e+06,1.82898e+06,805.761,1196.62,558.023,11913.3,3575.09,4183.09,2872.66,19978.1,8110.82,TRUE,1
California,20200908,3863.57,4427.92,3414.67,4.09573e+06,6.32108e+06,2.7685e+06,109.133,97.9047,110.875,85.542,100.43,113.9,87.6708,141.427,91.0682,3725.42,4296.84,3287.12,21075.4,34024.7,13917.5,22517,36784,15107.1,0.935687,1.04979,0.822245,2.66166e+06,4.16944e+06,1.82974e+06,795.815,1190.09,549.958,11802.4,3506.74,4104.31,2820.65,19778.9,7996.04,TRUE,1
California,20200909,3784.8,4350.67,3340.25,4.11703e+06,6.35103e+06,2.78403e+06,107.316,96.4872,109.36,83.8565,99.0016,112.145,86.3978,139.5,89.8262,3662.02,4220.91,3228.49,20901.1,33438.9,13796.3,22341.2,36180,14914.5,0.930111,1.0488,0.820573,2.66039e+06,4.17351e+06,1.83015e+06,788.617,1184.71,544.45,11670.5,3444.13,4052.68,2776.95,19605.6,7911.26,TRUE,1
California,20200910,3714.54,4272.43,3281.23,4.13694e+06,6.38054e+06,2.79917e+06,105.828,95.0567,107.887,82.4586,97.5751,110.262,85.1791,137.682,88.6032,3606.22,4155.89,3168.78,20592.8,33129.7,13623.6,22074.7,35612,14648.2,0.924505,1.04547,0.814234,2.65835e+06,4.17685e+06,1.83021e+06,780.856,1176.91,536.036,11561.3,3389.99,3993.01,2733.9,19371.3,7830.02,TRUE,1
California,20200911,3653.51,4205.28,3220.78,4.1575e+06,6.40964e+06,2.81378e+06,104.362,93.638,106.31,81.605,96.1038,108.853,83.5301,135.966,86.9177,3557.4,4108.32,3118,20294.9,32447.8,13343.5,21799.9,35042.7,14401.7,0.917567,1.04174,0.814061,2.6569e+06,4.17975e+06,1.82991e+06,772.11,1173.2,530.935,11456.6,3341.64,3921.13,2704.97,19112.2,7782.26,TRUE,1
California,20200912,3595.86,4144.79,3162.37,4.1792e+06,6.43834e+06,2.82786e+06,103.046,92.3283,104.553,80.2374,94.6155,107.371,82.2444,134.379,85.4992,3515.74,4060.95,3067.7,20055.1,31874.8,13081.6,21559.9,34564.2,14249.3,0.912086,1.03473,0.809879,2.6561e+06,4.18159e+06,1.82926e+06,761.04,1157.06,525.699,11333.9,3300.47,3866.69,2690.27,18853.4,7737.55,TRUE,1
California,20200913,3549.79,4095.53,3114.34,4.1986e+06,6.46667e+06,2.84142e+06,101.58,90.9276,103.07,78.8843,93.3316,105.814,81.3452,132.643,84.2343,3476.54,4015.54,3036.91,19746.4,31228,12671.7,21276.2,34270.9,14225.2,0.905947,1.02678,0.806002,2.65543e+06,4.18235e+06,1.82824e+06,752.234,1142.1,519.38,11208.8,3265.43,3827.81,2663.25,18890.9,7627.71,TRUE,1
California,20200914,3509.49,4047.11,3068.19,4.21915e+06,6.49463e+06,2.85445e+06,100.209,89.5606,101.859,77.7099,91.9675,104.137,80.0488,131.31,83.184,3447.17,3968.78,3015.1,19429.4,30687.2,12341.2,21027.5,33747.9,13931.4,0.89829,1.02065,0.798549,2.6513e+06,4.18196e+06,1.82685e+06,745.362,1128.23,512.675,11061.8,3235.65,3828.28,2632.94,18475.7,7546.24,TRUE,1
California,20200915,3474.84,3992.75,3042.67,4.23728e+06,6.52225e+06,2.86695e+06,98.8606,88.2672,100.64,76.5444,90.5444,102.675,78.6645,129.92,82.3444,3422.89,3937.49,2993.46,19018.6,29940.8,11986.1,20839.8,33330.1,13802.2,0.89375,1.01117,0.791485,2.64654e+06,4.17957e+06,1.8251e+06,738.474,1115.77,506.435,10947.2,3208.8,3791,2620.67,18098.2,7418.11,TRUE,1
California,20200916,3441.31,3962.51,3020.56,4.25431e+06,6.54951e+06,2.87918e+06,97.5665,87.0457,99.412,75.8379,89.2446,101.45,77.4646,128.422,81.5465,3394.34,3916.63,2973.73,18664.7,29087.4,11622.1,20591.9,32828.4,13617.4,0.8864,1.00472,0.784653,2.6439e+06,4.17166e+06,1.82299e+06,729.874,1099.76,499.787,10809.4,3187.87,3763.57,2613.78,17767.9,7275.5,TRUE,1
California,20200917,3416.61,3927.15,2996.91,4.27058e+06,6.57644e+06,2.89189e+06,96.2183,86.0145,98.397,74.8032,87.9426,100.121,76.4869,126.922,81.0977,3376.02,3876.28,2956.2,18337.1,28605.7,11299.7,20341,32279.8,13326.4,0.880702,0.990069,0.782061,2.63942e+06,4.16265e+06,1.82051e+06,721.912,1088.82,495.565,10657.4,3169.74,3723.9,2608.61,17585.9,7108.47,TRUE,1
California,20200918,3393.94,3905.31,2978.73,4.28809e+06,6.60346e+06,2.90416e+06,94.9199,84.938,97.3408,73.7798,86.8195,98.9867,75.6168,125.548,79.9627,3360.52,3858.3,2953.07,17972,28239.3,11019.8,20011.4,31722.1,13024.3,0.876239,0.985406,0.777792,2.63456e+06,4.15256e+06,1.81766e+06,713.087,1077.05,487.072,10502.2,3157.41,3694.3,2592.21,17398.2,7010.88,TRUE,1
California,20200919,3377.23,3872.72,2963.4,4.30655e+06,6.631e+06,2.91598e+06,93.7831,83.9107,96.0262,72.8269,85.7487,98.0651,74.5267,123.727,78.9944,3344.45,3864.51,2943.4,17601,27616.9,10833,19691.8,31016.3,12716.1,0.87117,0.978211,0.774961,2.62975e+06,4.14143e+06,1.81446e+06,703.916,1064.33,482.481,10331.2,3144.57,3689.08,2590.97,17144.7,6886.85,TRUE,1
California,20200920,3357.36,3866.69,2957.17,4.32407e+06,6.65819e+06,2.92737e+06,92.662,82.7879,94.8687,71.9497,84.637,96.7839,73.6129,121.781,77.8624,3335.22,3853.53,2927.94,17224.3,27138.7,10573,19356.3,30438.2,12347.8,0.868038,0.970584,0.77315,2.6262e+06,4.1293e+06,1.81091e+06,694.769,1050.78,475.58,10146.1,3130.94,3667.94,2590.95,16807,6738.06,TRUE,1
California,20200921,3345.39,3856.94,2947.67,4.3411e+06,6.68499e+06,2.93832e+06,91.5218,81.7376,94.0245,71.2512,83.6289,95.712,72.7133,120.428,76.7702,3328.99,3840.2,2925.29,16800.5,26581,10341.5,18994.9,29689.6,12007,0.864882,0.967801,0.775697,2.62216e+06,4.11625e+06,1.807e+06,685.323,1032.13,468.668,9928.77,3121.87,3677.45,2586.43,16442.3,6623.4,TRUE,1
California,20200922,3335.36,3846.77,2938.83,4.35764e+06,6.71133e+06,2.94887e+06,90.444,80.6486,92.7538,70.315,82.5434,94.4803,71.7109,119.17,75.825,3317.63,3811.03,2920.6,16377.3,26130.6,10047.1,18635.3,28989.3,11628.4,0.861978,0.96305,0.774214,2.6176e+06,4.10233e+06,1.80256e+06,675.465,1015.76,461.808,9720.41,3118.24,3682.35,2583.58,16101.6,6474.33,TRUE,1
California,20200923,3326.05,3825.16,2928.07,4.37409e+06,6.73719e+06,2.95904e+06,89.4026,79.5267,91.5594,69.361,81.4425,93.7284,70.9834,117.751,74.934,3308.33,3811.51,2918.47,15955.8,25560.3,9918.73,18316.4,28551.8,11335.3,0.860202,0.959865,0.77104,2.61243e+06,4.08761e+06,1.79751e+06,664.969,998.978,453.358,9482.21,3113.68,3667.78,2580.16,15730.9,6342.56,TRUE,1
California,20200924,3316.77,3815.38,2921.4,4.39079e+06,6.76253e+06,2.96884e+06,88.4006,78.5353,90.3636,68.4612,80.3227,92.2893,70.1196,116.304,73.9414,3303.55,3802.83,2916.82,15519.7,25020.7,9702.42,17943.9,28058.9,11064.9,0.858134,0.959036,0.769834,2.60568e+06,4.07217e+06,1.79191e+06,653.337,979.024,445.519,9263.62,3109.25,3676.8,2579.82,15383.2,6165.88,TRUE,1
California,20200925,3309.31,3804.49,2925.59,4.40705e+06,6.78734e+06,2.97831e+06,87.2529,77.433,89.4027,67.6912,79.2004,91.1285,69.1394,115.173,72.637,3300.42,3793.2,2915.21,15164.3,24368.9,9534,17560.6,27484.3,10844.6,0.857826,0.958015,0.773234,2.59807e+06,4.05607e+06,1.78571e+06,643.87,962.863,437.172,9036.08,3107.58,3674.71,2570.66,15075,6021.55,TRUE,1
California,20200926,3303.98,3795.83,2919.86,4.42289e+06,6.81159e+06,2.9875e+06,86.1081,76.4898,88.0547,66.9,78.2174,90.0929,68.2195,113.561,71.4274,3300.94,3791.74,2908.62,14772.2,23707.8,9238.97,17147.3,26953.6,10584.7,0.858668,0.959069,0.775636,2.58923e+06,4.03936e+06,1.77939e+06,633.071,947.811,428.531,8799.68,3103.78,3658.47,2555.08,14734.9,5917.06,TRUE,1
California,20200927,3304.02,3788.5,2918.43,4.43828e+06,6.83531e+06,2.99645e+06,85.0154,75.429,86.7402,65.987,77.1331,88.8623,67.6643,111.818,70.8231,3296.42,3781.89,2908.67,14377.5,23119.3,9023.08,16773.8,26452.5,10373.1,0.86165,0.964392,0.772897,2.57977e+06,4.02212e+06,1.77295e+06,623.403,925.849,419.155,8555.27,3107.55,3652.68,2551.05,14375.2,5802.12,TRUE,1
California,20200928,3300.72,3787.23,2914.86,4.45205e+06,6.85849e+06,3.00518e+06,83.7636,74.4166,85.3738,64.9846,76.1639,87.5638,66.6346,110.401,69.9501,3291.67,3780.01,2911.82,14071.8,22408.7,8758.8,16374.4,25951.8,10077.5,0.861945,0.969563,0.773384,2.57029e+06,4.00438e+06,1.76642e+06,612.154,910.103,408.725,8356.96,3106.44,3652.02,2553.61,14042.4,5679.97,TRUE,1
California,20200929,3297.05,3768.51,2915.69,4.46583e+06,6.88116e+06,3.01364e+06,82.5776,73.3875,84.2016,63.9781,75.1075,86.3124,65.7353,108.711,69.0567,3292.29,3784.88,2907.9,13695,21907.3,8531.67,15938.1,25435.8,9926.8,0.863756,0.973962,0.768961,2.56038e+06,3.9862e+06,1.75978e+06,600.42,890.725,401.003,8132.93,3107.08,3639.3,2552.18,13674.6,5546.11,TRUE,1
California,20200930,3291.53,3778.23,2915.64,4.48056e+06,6.90333e+06,3.02192e+06,81.2464,72.2736,83.3765,62.865,74.1318,84.8836,64.6515,106.893,68.2165,3292.47,3775.6,2902.84,13387.3,21389.8,8411.88,15505.9,24879.6,9718.5,0.868542,0.977669,0.773473,2.54856e+06,3.96761e+06,1.75304e+06,588.418,873.216,394.608,7940.37,3105.46,3632.17,2526.98,13239.4,5362.9,TRUE,1
California,20201001,3290.92,3776.79,2913.53,4.49418e+06,6.92502e+06,3.03007e+06,79.8719,71.2122,82.3602,61.9804,73.0415,83.8743,63.6786,105.066,67.3721,3293.19,3776.38,2903.77,13058.4,20772.2,8333.04,15147.4,24263.3,9574.22,0.874206,0.98264,0.782132,2.5362e+06,3.94864e+06,1.7454e+06,575.804,856.252,387.025,7743.58,3105.85,3633.33,2532.95,12832.9,5238.41,TRUE,1
California,20201002,3293.02,3772.15,2907.84,4.50617e+06,6.94626e+06,3.0381e+06,78.519,70.1332,81.0627,60.7287,71.9169,83.0184,62.5343,103.48,66.1595,3293.31,3773.31,2898.62,12749.4,20187.9,8166.69,14785.7,23571.1,9314.51,0.879352,0.992296,0.785093,2.52358e+06,3.92932e+06,1.73692e+06,564.448,837.84,379.07,7554.55,3112.23,3638.7,2527.9,12418.2,5105.99,TRUE,1
California,20201003,3294.15,3766.3,2908.23,4.51785e+06,6.96708e+06,3.04602e+06,77.1918,68.9548,79.72,59.6245,70.9054,81.9271,61.6325,101.508,64.8243,3301.19,3801.96,2901.91,12498.5,19657.7,7972.72,14434,23020.9,9076.79,0.886782,1.00703,0.786115,2.51073e+06,3.91047e+06,1.72816e+06,551.034,821.343,373.107,7347.93,3112.16,3634.82,2519.52,12033.2,4994.25,TRUE,1
California,20201004,3296.31,3781.09,2908.21,4.52927e+06,6.98749e+06,3.05385e+06,76.0047,67.8434,78.2337,58.6587,69.7862,80.6007,60.4344,99.6863,63.7018,3309.18,3802.28,2902.81,12235.8,19226.2,7836.99,14083.9,22440,8808.42,0.894096,1.01279,0.788863,2.49768e+06,3.89156e+06,1.71923e+06,537.766,803.436,365.327,7171.65,3116.35,3634.2,2515.36,11739.8,4857,TRUE,1
California,20201005,3304.52,3796.51,2910.27,4.54062e+06,7.00763e+06,3.0616e+06,74.6795,66.7876,76.7778,57.7975,68.5929,79.2599,59.3424,97.9616,62.6962,3314.73,3797.76,2916.2,11976.4,18848.1,7729.82,13742.2,21922.7,8567.13,0.902362,1.01874,0.795419,2.48446e+06,3.87228e+06,1.71012e+06,524.502,785.172,356.85,7009.52,3120.39,3637.03,2519.74,11467.2,4751.38,TRUE,1
California,20201006,3311.23,3796.84,2912.37,4.55264e+06,7.02753e+06,3.06929e+06,73.3833,65.5852,75.5805,56.8049,67.5204,77.7722,58.4215,96.156,61.2962,3324.98,3791.76,2924.81,11758.2,18460.8,7718.85,13460,21353.4,8443.02,0.912651,1.0255,0.801994,2.47242e+06,3.85266e+06,1.70059e+06,511.879,762.983,347.549,6869.17,3129.72,3649.83,2527.77,11178.9,4697.98,TRUE,1
California,20201007,3321.47,3789.79,2927.75,4.5644e+06,7.04712e+06,3.0768e+06,72.0641,64.3676,74.0263,55.9813,66.4216,76.3618,57.6411,94.2656,59.8843,3339.03,3810.05,2924.69,11636.4,18180.3,7718.03,13099.6,20779.2,8359.28,0.921957,1.03686,0.815422,2.46056e+06,3.83275e+06,1.69023e+06,500.297,739.36,339.827,6737.85,3131.2,3649.04,2529.67,10847.3,4610.32,TRUE,1
California,20201008,3330.69,3776.46,2936.66,4.57599e+06,7.06644e+06,3.08381e+06,70.7713,63.059,72.6448,54.9423,65.219,75.0388,56.6083,92.1677,58.6497,3352.09,3810.44,2937.37,11513.7,17893,7685.6,12804,20195.8,8242.1,0.931089,1.04551,0.829255,2.44847e+06,3.81258e+06,1.67976e+06,488.949,715.763,332.701,6611.92,3145.46,3652.49,2527.76,10487.9,4521.62,TRUE,1
California,20201009,3342.41,3812.36,2936.84,4.58782e+06,7.08551e+06,3.09081e+06,69.4106,61.9484,70.8466,53.9349,63.9773,73.6093,55.6986,90.3981,57.5241,3367.22,3831.51,2952.69,11423.3,17664.3,7597.47,12557.3,19734.5,8052.54,0.940946,1.06098,0.839627,2.43462e+06,3.79219e+06,1.66919e+06,476.998,699.43,325.568,6507.24,3157.76,3664.38,2519.72,10252.4,4444.6,TRUE,1
California,20201010,3358.03,3814.75,2948.09,4.59945e+06,7.10435e+06,3.0978e+06,67.9316,60.7631,69.2822,53.0363,62.7503,72.0465,54.6735,88.4721,56.5915,3387.41,3853.51,2966.99,11291.5,17497.1,7506.16,12302.7,19248.4,7895.84,0.951644,1.06634,0.849597,2.41957e+06,3.77161e+06,1.65856e+06,466.883,682.731,318.15,6412.58,3170.75,3702.85,2516.35,10125.9,4364.21,TRUE,1
